City_ID,City,Country,Date,Lat,Lng,Max Temp,Humidity,Cloudiness,Wind Speed
0,Hermanus,ZA,2020-02-20 20:53:22,-34.42,19.23,66.99,93,0,13.94
1,Cape Town,ZA,2020-02-20 20:51:03,-33.93,18.42,68.0,72,0,21.92
2,Busselton,AU,2020-02-20 20:53:27,-33.65,115.33,68.0,34,70,15.84
3,Pedra,BR,2020-02-20 20:57:27,-8.5,-36.94,76.42,70,100,9.04
4,La Macarena,CO,2020-02-20 20:57:27,2.18,-73.78,93.0,41,92,6.22
5,Ribeira Grande,PT,2020-02-20 20:54:51,38.52,-28.7,57.2,62,40,6.93
6,Kapaa,US,2020-02-20 20:52:31,22.08,-159.32,77.0,73,90,20.8
7,Brae,GB,2020-02-20 20:54:08,60.4,-1.35,41.0,75,61,24.16
8,Tasiilaq,GL,2020-02-20 20:53:22,65.61,-37.64,21.2,79,75,9.17
9,Sitka,US,2020-02-20 20:53:22,57.05,-135.33,37.4,86,90,25.28
10,Caravelas,BR,2020-02-20 20:52:05,-17.71,-39.25,81.34,79,17,14.9
11,Bredasdorp,ZA,2020-02-20 20:53:18,-34.53,20.04,64.0,82,7,2.15
12,Lebu,CL,2020-02-20 20:53:31,-37.62,-73.65,74.46,35,0,8.14
13,Butaritari,KI,2020-02-20 20:53:22,3.07,172.79,83.17,80,100,13.94
14,Bam,IR,2020-02-20 20:57:28,29.11,58.36,64.18,35,0,2.17
15,Thompson,CA,2020-02-20 20:57:28,55.74,-97.86,24.8,58,75,12.75
16,Hetauda,NP,2020-02-20 20:57:28,27.43,85.03,51.8,100,75,3.36
17,Ixtapa,MX,2020-02-20 20:54:03,20.7,-105.2,78.8,69,40,6.93
18,Albany,US,2020-02-20 20:57:28,42.6,-73.97,30.2,44,75,17.22
19,Talcahuano,CL,2020-02-20 20:57:28,-36.72,-73.12,78.8,39,0,9.17
20,Jiangyou,CN,2020-02-20 20:57:28,31.77,104.72,34.48,92,73,1.41
21,Pevek,RU,2020-02-20 20:57:28,69.7,170.31,-8.75,99,100,6.67
22,Yumen,CN,2020-02-20 20:54:41,40.28,97.2,20.86,53,56,9.26
23,Ozernovskiy,RU,2020-02-20 20:57:28,51.5,156.52,13.44,77,100,7.36
24,Avarua,CK,2020-02-20 20:57:29,-21.21,-159.78,80.6,88,100,5.82
25,Vaini,TO,2020-02-20 20:54:26,-21.2,-175.2,78.8,74,20,5.82
26,Itarema,BR,2020-02-20 20:53:33,-2.92,-39.92,77.5,90,100,4.23
27,Yaan,NG,2020-02-20 20:57:29,7.38,8.57,84.96,14,4,4.21
28,Katsuura,JP,2020-02-20 20:53:37,35.13,140.3,46.4,70,20,11.41
29,Punta Arenas,CL,2020-02-20 20:53:01,-53.15,-70.92,60.8,44,19,17.22
30,Kaitangata,NZ,2020-02-20 20:53:50,-46.28,169.85,61.0,91,100,9.51
31,Ushuaia,AR,2020-02-20 20:52:55,-54.8,-68.3,53.6,58,75,8.05
32,Mataura,NZ,2020-02-20 20:53:18,-46.19,168.86,72.0,71,87,8.99
33,Carauari,BR,2020-02-20 20:57:29,-4.88,-66.9,87.06,68,98,2.89
34,Hasaki,JP,2020-02-20 20:53:50,35.73,140.83,41.0,86,75,5.82
35,Hilo,US,2020-02-20 20:53:21,19.73,-155.09,75.2,64,40,5.82
36,Manggar,ID,2020-02-20 20:57:30,-2.88,108.27,82.02,80,28,16.93
37,Isangel,VU,2020-02-20 20:53:46,-19.55,169.27,77.0,83,21,5.82
38,Yellowknife,CA,2020-02-20 20:53:21,62.46,-114.35,33.01,79,20,14.99
39,East London,ZA,2020-02-20 20:54:42,-33.02,27.91,75.92,78,70,14.72
40,Prince Rupert,CA,2020-02-20 20:55:00,54.32,-130.32,39.2,80,40,12.75
41,Labrea,BR,2020-02-20 20:55:01,-7.26,-64.8,89.85,56,57,1.74
42,Port Hueneme,US,2020-02-20 20:57:30,34.15,-119.2,78.01,46,1,6.93
43,Ca Mau,VN,2020-02-20 20:57:30,9.18,105.15,73.94,82,0,7.0
44,Atuona,PF,2020-02-20 20:53:18,-9.8,-139.03,81.59,75,21,18.77
45,Sile,TR,2020-02-20 20:57:31,41.18,29.61,48.99,93,75,8.05
46,Bambous Virieux,MU,2020-02-20 20:53:38,-20.34,57.76,78.8,74,75,11.41
47,Port Alfred,ZA,2020-02-20 20:53:23,-33.59,26.89,69.01,91,77,3.0
48,Acapulco,MX,2020-02-20 20:54:21,16.86,-99.89,86.0,62,5,9.17
49,Alofi,NU,2020-02-20 20:53:37,-19.06,-169.92,80.6,94,75,11.41
50,Vangaindrano,MG,2020-02-20 20:54:51,-23.35,47.6,74.05,94,89,6.44
51,Hamilton,US,2020-02-20 20:53:27,39.18,-84.53,34.0,42,40,11.41
52,Jamestown,US,2020-02-20 20:54:36,42.1,-79.24,24.01,72,90,10.29
53,Seybaplaya,MX,2020-02-20 20:57:32,19.65,-90.67,93.2,36,40,16.11
54,Loubomo,CG,2020-02-20 20:57:32,-4.2,12.67,75.31,84,0,3.31
55,Miastko,PL,2020-02-20 20:57:33,54.0,16.98,39.0,74,100,18.01
56,Kaiyuan,CN,2020-02-20 20:57:33,23.7,103.3,51.12,92,94,4.85
57,Tiksi,RU,2020-02-20 20:53:34,71.69,128.87,-1.3,86,100,11.61
58,Ballina,AU,2020-02-20 20:55:02,-28.87,153.57,72.0,94,100,2.24
59,Anadyr,RU,2020-02-20 20:53:30,64.75,177.48,-16.01,75,20,4.47
60,Leningradskiy,RU,2020-02-20 20:53:40,69.38,178.42,-6.9,92,100,21.59
61,Bluff,NZ,2020-02-20 20:54:38,-46.6,168.33,72.0,71,43,8.99
62,Faya,SA,2020-02-20 20:53:48,18.39,42.45,62.6,72,100,8.05
63,Ambulu,ID,2020-02-20 20:57:34,-8.35,113.61,79.41,82,100,5.73
64,Barrow,US,2020-02-20 20:50:02,71.29,-156.79,-5.8,76,90,5.82
65,Darnah,LY,2020-02-20 20:57:34,32.77,22.64,59.7,70,47,24.99
66,Isla Mujeres,MX,2020-02-20 20:57:34,21.23,-86.73,86.0,66,40,8.05
67,Khasan,RU,2020-02-20 20:54:01,42.43,130.64,22.17,88,99,2.68
68,Westport,US,2020-02-20 20:50:31,41.14,-73.36,37.0,31,1,12.75
69,Rikitea,PF,2020-02-20 20:53:18,-23.12,-134.97,78.85,75,40,9.98
70,Solnechnyy,RU,2020-02-20 20:57:34,50.72,136.63,-2.9,89,35,2.42
71,Kudamatsu,JP,2020-02-20 20:57:34,34.0,131.87,37.4,74,20,5.82
72,Nikolskoye,RU,2020-02-20 20:53:39,59.7,30.79,33.8,95,75,4.47
73,Lagoa,PT,2020-02-20 20:53:39,39.05,-27.98,56.82,61,67,8.55
74,Baghdad,IQ,2020-02-20 20:57:35,33.34,44.4,55.4,66,0,5.82
75,New Norfolk,AU,2020-02-20 20:50:26,-42.78,147.06,51.8,53,20,12.75
76,Itaituba,BR,2020-02-20 20:57:35,-4.28,-55.98,78.8,94,75,8.05
77,Gravelbourg,CA,2020-02-20 20:57:35,49.88,-106.55,24.8,71,0,16.75
78,Faanui,PF,2020-02-20 20:53:31,-16.48,-151.75,82.69,78,100,18.72
79,Qaanaaq,GL,2020-02-20 20:53:31,77.48,-69.36,-14.3,59,0,5.59
80,Camacha,PT,2020-02-20 20:55:03,33.08,-16.33,57.2,87,75,24.16
81,Hobart,AU,2020-02-20 20:51:04,-42.88,147.33,51.8,53,20,12.75
82,Tuktoyaktuk,CA,2020-02-20 20:53:25,69.45,-133.04,-0.4,77,90,8.05
83,Gbarnga,LR,2020-02-20 20:57:35,7.0,-9.47,75.38,93,65,3.44
84,Narsaq,GL,2020-02-20 20:53:43,60.92,-46.05,30.2,30,75,20.8
85,Cape Canaveral,US,2020-02-20 20:57:35,28.41,-80.6,86.0,83,90,8.05
86,Victoria,HK,2020-02-20 20:50:28,22.29,114.16,63.0,72,0,6.93
87,Ulaanbaatar,MN,2020-02-20 20:57:36,47.91,106.88,-4.0,76,40,2.24
88,Airai,TL,2020-02-20 20:53:46,-8.93,125.41,66.94,91,80,4.59
89,Havre-Saint-Pierre,CA,2020-02-20 20:54:06,50.23,-63.6,-0.4,49,1,17.22
90,Mahebourg,MU,2020-02-20 20:53:49,-20.41,57.7,78.8,74,75,11.41
91,Kavieng,PG,2020-02-20 20:53:28,-2.57,150.8,83.3,75,53,9.22
92,Plettenberg Bay,ZA,2020-02-20 20:55:14,-34.05,23.37,66.36,89,44,2.35
93,Talnakh,RU,2020-02-20 20:53:21,69.49,88.4,14.0,92,75,6.71
94,Abu Samrah,SY,2020-02-20 20:57:36,35.3,37.18,48.63,83,18,8.9
95,Yokadouma,CM,2020-02-20 20:57:36,3.52,15.05,76.48,50,46,0.87
96,Codrington,AU,2020-02-20 20:53:33,-38.27,141.97,59.56,77,0,13.47
97,Straumen,NO,2020-02-20 20:57:36,63.87,11.3,44.6,52,75,12.75
98,Georgetown,MY,2020-02-20 20:53:22,5.41,100.34,80.6,65,20,9.17
99,Zyryanskoye,RU,2020-02-20 20:57:37,56.83,86.63,23.7,94,100,11.1
100,Khatanga,RU,2020-02-20 20:53:21,71.97,102.5,2.32,88,95,7.81
101,Egvekinot,RU,2020-02-20 20:57:37,66.32,-179.17,-18.31,83,0,2.89
102,Sao Francisco,BR,2020-02-20 20:57:37,-15.95,-44.86,77.54,87,100,4.18
103,San Cristobal,VE,2020-02-20 20:54:50,7.77,-72.22,89.6,52,40,9.17
104,Wick,GB,2020-02-20 20:57:37,58.43,-3.08,39.2,63,40,18.34
105,Nanortalik,GL,2020-02-20 20:54:44,60.14,-45.24,26.02,71,100,6.02
106,Dzaoudzi,YT,2020-02-20 20:57:37,-12.79,45.27,80.6,94,20,2.24
107,Chino Valley,US,2020-02-20 20:57:37,34.76,-112.45,71.01,18,1,4.7
108,Tynda,RU,2020-02-20 20:57:37,55.17,124.72,-17.01,99,67,1.19
109,Bada,RU,2020-02-20 20:57:37,51.39,109.87,1.69,96,98,3.58
110,Carutapera,BR,2020-02-20 20:53:32,-1.2,-46.02,79.09,82,100,6.31
111,Carnarvon,AU,2020-02-20 20:53:23,-24.87,113.63,78.8,69,100,10.29
112,Putina,PE,2020-02-20 20:57:38,-15.47,-69.43,55.63,65,100,19.57
113,Chuy,UY,2020-02-20 20:53:25,-33.7,-53.46,68.29,47,6,16.96
114,Souillac,MU,2020-02-20 20:53:32,-20.52,57.52,78.8,74,75,11.41
115,Bud,US,2020-02-20 20:54:04,39.45,-86.18,33.01,54,75,10.29
116,Lompoc,US,2020-02-20 20:53:29,34.64,-120.46,73.0,30,1,5.82
117,Poum,NC,2020-02-20 20:57:38,-20.23,164.02,80.64,78,0,12.17
118,Arraial Do Cabo,BR,2020-02-20 20:53:42,-22.97,-42.03,87.8,69,0,13.87
119,Constitucion,CL,2020-02-20 20:55:03,-35.33,-72.42,69.57,36,0,4.0
120,Lasa,IT,2020-02-20 20:53:43,46.62,10.7,37.4,73,0,6.93
121,Puerto Ayora,EC,2020-02-20 20:53:42,-0.74,-90.35,86.0,66,75,13.87
122,Tautira,PF,2020-02-20 20:53:36,-17.73,-149.15,86.0,66,40,10.29
123,Salinopolis,BR,2020-02-20 20:57:39,-0.61,-47.36,79.75,81,100,9.6
124,Baglung,NP,2020-02-20 20:57:39,28.27,83.59,36.32,58,0,10.33
125,Hami,CN,2020-02-20 20:53:54,42.8,93.45,21.42,54,0,1.95
126,Mar Del Plata,AR,2020-02-20 20:53:37,-38.0,-57.56,66.99,63,40,14.99
127,Nyuksenitsa,RU,2020-02-20 20:57:39,60.41,44.24,24.01,95,94,4.12
128,Hambantota,LK,2020-02-20 20:53:39,6.12,81.12,79.88,83,4,21.18
129,Tessalit,ML,2020-02-20 20:57:39,20.2,1.01,73.29,11,79,12.24
130,Gizo,SB,2020-02-20 20:57:39,-8.1,156.84,79.11,84,55,5.26
131,Katangli,RU,2020-02-20 20:54:55,51.71,143.23,6.12,95,98,5.08
132,Kassala,SD,2020-02-20 20:57:40,15.45,36.4,63.79,61,40,7.56
133,Esbjerg,DK,2020-02-20 20:57:40,55.47,8.45,44.6,86,100,23.04
134,Banda Aceh,ID,2020-02-20 20:57:40,5.56,95.32,72.21,84,15,5.46
135,Chokurdakh,RU,2020-02-20 20:53:32,70.63,147.92,-14.17,96,93,3.56
136,Nkowakowa,ZA,2020-02-20 20:57:40,-23.89,30.29,68.0,72,0,5.82
137,Sangar,RU,2020-02-20 20:53:57,63.92,127.47,-12.42,95,100,14.38
138,Lata,PT,2020-02-20 20:53:48,40.16,-8.33,54.0,87,0,5.82
139,Madinat Sittah Uktubar,EG,2020-02-20 20:57:41,29.82,31.05,57.2,58,40,6.93
140,Tuatapere,NZ,2020-02-20 20:54:53,-46.13,167.68,72.0,71,76,8.99
141,Longyearbyen,SJ,2020-02-20 20:53:35,78.22,15.64,6.8,60,75,16.11
142,Loralai,PK,2020-02-20 20:57:41,30.37,68.6,44.13,52,0,10.36
143,Northam,GB,2020-02-20 20:54:38,51.03,-4.22,45.0,86,20,8.05
144,Wanaka,NZ,2020-02-20 20:52:02,-44.7,169.15,62.01,85,93,10.96
145,Honiara,SB,2020-02-20 20:50:16,-9.43,159.95,77.0,100,75,4.52
146,Siderno,IT,2020-02-20 20:57:41,38.28,16.3,57.0,58,40,5.82
147,Xining,CN,2020-02-20 20:57:41,36.62,101.77,11.05,85,0,1.79
148,Pimentel,PE,2020-02-20 20:57:41,-6.84,-79.93,66.2,29,20,21.92
149,Kenora,CA,2020-02-20 20:57:41,49.82,-94.43,15.8,61,20,18.34
150,Hofn,IS,2020-02-20 20:53:47,64.25,-15.21,41.27,53,0,13.56
151,Big Rapids,US,2020-02-20 20:57:42,43.7,-85.48,23.0,44,40,10.29
152,Salym,RU,2020-02-20 20:57:42,60.06,71.48,27.79,96,97,6.31
153,Pisco,PE,2020-02-20 20:53:52,-13.7,-76.22,75.99,30,79,19.46
154,Bergen,NO,2020-02-20 20:57:42,60.39,5.33,39.99,100,75,3.36
155,Guarapari,BR,2020-02-20 20:56:36,-20.67,-40.5,84.2,70,20,19.46
156,Buta,CD,2020-02-20 20:55:04,2.79,24.73,74.95,65,17,1.9
157,Kodiak,US,2020-02-20 20:53:36,57.79,-152.41,37.4,96,75,3.36
158,Bandarbeyla,SO,2020-02-20 20:57:42,9.49,50.81,76.91,79,24,11.41
159,Port Elizabeth,ZA,2020-02-20 20:53:43,-33.92,25.57,69.8,88,75,13.87
160,Clyde River,CA,2020-02-20 20:54:08,70.47,-68.59,-13.0,75,40,17.22
161,Ketchikan,US,2020-02-20 20:52:35,55.34,-131.65,39.2,80,90,23.04
162,Ust-Tsilma,RU,2020-02-20 20:53:32,65.44,52.15,7.57,92,0,3.2
163,Arlit,NE,2020-02-20 20:53:38,18.74,7.39,70.83,14,0,10.89
164,Axim,GH,2020-02-20 20:53:45,4.87,-2.24,79.93,86,100,3.42
165,Saint-Philippe,RE,2020-02-20 20:53:58,-21.36,55.77,77.0,73,75,5.82
166,Malabo,GQ,2020-02-20 20:57:43,3.75,8.78,82.4,94,20,5.82
167,Rumonge,BI,2020-02-20 20:57:43,-3.97,29.44,67.17,87,33,5.01
168,Trinidad,BO,2020-02-20 20:57:43,-14.83,-64.9,78.8,83,75,17.22
169,Innisfail,AU,2020-02-20 20:54:03,-17.53,146.03,69.01,98,41,1.01
170,Saint George,US,2020-02-20 20:49:11,37.1,-113.58,55.4,16,1,11.41
171,Aparecida Do Taboado,BR,2020-02-20 20:57:44,-20.09,-51.09,85.73,71,100,2.73
172,Palmer,US,2020-02-20 20:53:35,42.16,-72.33,35.6,36,75,12.75
173,Tombouctou,ML,2020-02-20 20:54:06,20.0,-3.0,78.82,10,100,8.34
174,Baiyin,CN,2020-02-20 20:57:44,36.56,104.21,23.0,48,90,4.47
175,Salinas,US,2020-02-20 20:57:44,36.68,-121.66,71.01,39,1,4.7
176,Butterworth,MY,2020-02-20 20:57:44,5.4,100.36,80.6,65,20,9.17
177,Visp,CH,2020-02-20 20:57:44,46.29,7.88,42.01,69,2,1.12
178,Omsukchan,RU,2020-02-20 20:57:44,62.53,155.8,-25.91,99,17,1.07
179,San Carlos De Bariloche,AR,2020-02-20 20:57:44,-41.15,-71.31,73.4,9,0,13.87
180,Atasu,KZ,2020-02-20 20:57:44,48.68,71.64,21.42,76,100,7.96
181,Gorontalo,ID,2020-02-20 20:57:44,0.54,123.06,71.85,90,87,3.98
182,Zonguldak,TR,2020-02-20 20:57:44,41.25,31.83,39.61,90,100,1.57
183,Vestmannaeyjar,IS,2020-02-20 20:53:49,63.44,-20.27,37.67,70,98,3.83
184,Kidodi,TZ,2020-02-20 20:57:45,-7.6,37.0,71.83,92,96,1.81
185,Kruisfontein,ZA,2020-02-20 20:54:57,-34.0,24.73,64.78,91,55,3.89
186,Chokwe,MZ,2020-02-20 20:54:49,-24.53,32.98,79.34,74,13,8.68
187,Salalah,OM,2020-02-20 20:53:42,17.02,54.09,77.0,69,75,5.82
188,Qui Nhon,VN,2020-02-20 20:55:08,13.77,109.23,67.06,94,59,4.92
189,Cidreira,BR,2020-02-20 20:50:08,-30.18,-50.21,74.39,79,0,25.32
190,Ulladulla,AU,2020-02-20 20:53:49,-35.35,150.47,64.4,88,75,3.36
191,Guiong,PH,2020-02-20 20:57:45,6.42,122.03,71.22,93,7,5.06
192,Pemangkat,ID,2020-02-20 20:57:45,1.17,108.97,76.86,88,100,10.47
193,Castro,BR,2020-02-20 20:53:24,-24.79,-50.01,78.89,57,100,2.8
194,Bauchi,NG,2020-02-20 20:57:45,10.5,10.0,75.13,21,0,7.0
195,Port Blair,IN,2020-02-20 20:54:47,11.67,92.75,79.83,82,13,15.93
196,Vao,NC,2020-02-20 20:56:16,-22.67,167.48,79.38,71,0,6.87
197,Luderitz,NA,2020-02-20 20:53:59,-26.65,15.16,69.8,73,0,17.22
198,Namibe,AO,2020-02-20 20:53:33,-15.2,12.15,75.43,75,99,17.38
199,Weligama,LK,2020-02-20 20:57:46,5.97,80.42,78.6,78,0,10.04
200,Iqaluit,CA,2020-02-20 20:54:50,63.75,-68.51,-29.0,60,20,14.99
201,Torbay,CA,2020-02-20 20:53:43,47.67,-52.73,18.0,56,75,35.57
202,Maihar,IN,2020-02-20 20:57:46,24.27,80.75,66.24,28,7,6.17
203,Aban,RU,2020-02-20 20:57:46,56.67,96.06,16.07,87,99,8.88
204,Tezu,IN,2020-02-20 20:57:46,27.92,96.17,61.99,57,99,0.96
205,Norman Wells,CA,2020-02-20 20:53:19,65.28,-126.83,19.4,73,20,2.24
206,Ponta Do Sol,PT,2020-02-20 20:53:19,32.67,-17.1,57.2,76,40,13.87
207,Villa Carlos Paz,AR,2020-02-20 20:57:47,-31.42,-64.5,75.99,60,40,9.17
208,Svetlogorsk,BY,2020-02-20 20:57:47,52.63,29.73,38.25,89,86,2.86
209,Shenkursk,RU,2020-02-20 20:57:47,62.11,42.9,20.01,96,3,2.57
210,Tapes,BR,2020-02-20 20:57:47,-30.67,-51.4,73.26,68,54,10.83
211,Provideniya,RU,2020-02-20 20:53:41,64.38,-173.3,-5.8,70,0,4.47
212,Lubango,AO,2020-02-20 20:57:47,-14.92,13.49,60.53,83,25,1.41
213,Abomey-Calavi,BJ,2020-02-20 20:57:47,6.45,2.36,86.0,79,20,9.17
214,Gravdal,NO,2020-02-20 20:57:47,68.12,13.5,35.6,86,75,10.29
215,Santa Rosa,PH,2020-02-20 20:53:35,14.31,121.11,75.2,60,75,6.93
216,Anchorage,US,2020-02-20 20:56:50,61.22,-149.9,36.0,92,90,9.55
217,Punta Gorda,US,2020-02-20 20:57:04,26.93,-82.05,84.99,74,1,10.29
218,Madimba,TZ,2020-02-20 20:57:48,-10.4,40.33,77.0,94,20,5.82
219,Yining,CN,2020-02-20 20:53:28,29.04,114.56,50.29,81,100,1.3
220,Maniitsoq,GL,2020-02-20 20:57:48,65.42,-52.9,12.61,46,54,0.22
221,Meulaboh,ID,2020-02-20 20:53:40,4.14,96.13,81.23,81,0,9.28
222,Korla,CN,2020-02-20 20:52:40,41.76,86.15,27.0,88,0,6.42
223,Port Hedland,AU,2020-02-20 20:57:48,-20.32,118.57,80.6,78,75,11.41
224,Whitianga,NZ,2020-02-20 20:52:17,-36.83,175.7,79.0,77,56,1.01
225,Kandrian,PG,2020-02-20 20:57:48,-6.22,149.55,77.13,86,100,8.41
226,Aykhal,RU,2020-02-20 20:55:08,66.0,111.5,-0.4,84,33,6.71
227,Alugan,PH,2020-02-20 20:57:48,12.22,125.48,77.94,83,91,19.55
228,Cherskiy,RU,2020-02-20 20:53:39,68.75,161.3,-16.73,97,100,7.09
229,Sarangani,PH,2020-02-20 20:57:48,5.4,125.46,80.46,70,44,14.41
230,Ilulissat,GL,2020-02-20 20:53:33,69.22,-51.1,-0.4,59,20,9.17
231,Saint Anthony,US,2020-02-20 20:53:37,45.02,-93.22,17.01,33,1,6.93
232,Vanino,RU,2020-02-20 20:57:49,49.09,140.25,4.89,74,36,7.05
233,Sao Filipe,CV,2020-02-20 20:53:21,14.9,-24.5,70.88,71,16,21.59
234,Yuncheng,CN,2020-02-20 20:57:49,35.02,110.99,35.19,81,66,5.88
235,Cap Malheureux,MU,2020-02-20 20:54:40,-19.98,57.61,78.8,74,75,11.41
236,Dhidhdhoo,MV,2020-02-20 20:57:49,6.88,73.1,82.2,65,0,8.3
237,Praya,CV,2020-02-20 20:48:55,14.92,-23.51,67.98,84,46,14.52
238,Bagdarin,RU,2020-02-20 20:57:49,54.43,113.6,-4.7,86,35,5.17
239,Manyana,BW,2020-02-20 20:57:49,-23.4,21.72,69.75,74,99,10.76
240,Kathmandu,NP,2020-02-20 20:53:34,27.72,85.32,51.8,100,75,3.36
241,Gazojak,TM,2020-02-20 20:57:49,41.19,61.4,43.25,47,100,10.98
242,Inverell,AU,2020-02-20 20:54:44,-29.78,151.12,69.01,82,19,4.0
243,Guerrero Negro,MX,2020-02-20 20:53:53,27.98,-114.06,73.98,40,27,8.84
244,Fortuna,US,2020-02-20 20:53:49,40.6,-124.16,60.01,62,1,5.82
245,Roald,NO,2020-02-20 20:57:50,62.58,6.13,39.2,74,40,16.11
246,Suntar,RU,2020-02-20 20:53:51,62.14,117.63,12.07,96,100,4.41
247,Husavik,IS,2020-02-20 20:53:57,66.04,-17.34,30.2,92,90,18.34
248,Surt,LY,2020-02-20 20:54:41,31.21,16.59,54.88,78,13,10.85
249,Olafsvik,IS,2020-02-20 20:53:35,64.89,-23.71,29.16,78,100,33.64
250,Esperance,AU,2020-02-20 20:53:21,-33.87,121.9,57.2,87,0,8.05
251,Alberton,CA,2020-02-20 20:57:52,46.82,-64.07,7.0,16,100,14.67
252,Richards Bay,ZA,2020-02-20 20:54:46,-28.78,32.04,78.76,86,100,4.16
253,Santa Maria,BR,2020-02-20 20:51:45,-29.68,-53.81,84.2,51,40,8.05
254,Edgewater,US,2020-02-20 20:57:52,28.99,-80.9,88.0,57,90,8.05
255,Hovd,MN,2020-02-20 20:57:52,48.01,91.64,2.48,78,34,1.79
256,Grand Gaube,MU,2020-02-20 20:53:58,-20.01,57.66,78.8,74,75,11.41
257,Scarborough,GB,2020-02-20 20:57:52,54.28,-0.4,41.0,80,0,17.22
258,Manuel Roxas,PH,2020-02-20 20:57:52,6.45,124.67,62.55,90,24,1.68
259,Alice Springs,AU,2020-02-20 20:53:16,-23.7,133.88,66.2,24,17,11.21
260,Phrae,TH,2020-02-20 20:57:52,18.08,100.0,77.0,48,91,1.41
261,Verbivka,UA,2020-02-20 20:57:52,49.42,35.53,32.18,84,100,5.77
262,Puerto Narino,CO,2020-02-20 20:53:48,-3.77,-70.38,89.6,70,40,4.7
263,Ahipara,NZ,2020-02-20 20:53:21,-35.17,173.17,72.0,100,76,10.02
264,Arshan,RU,2020-02-20 20:57:53,46.27,44.22,33.8,100,99,13.42
265,Jinka,ET,2020-02-20 20:57:53,5.65,36.65,77.83,52,77,4.54
266,Buchanan,LR,2020-02-20 20:57:53,5.88,-10.05,80.6,94,40,3.36
267,Pochutla,MX,2020-02-20 20:57:53,15.74,-96.47,91.4,46,20,11.41
268,Port Hardy,CA,2020-02-20 20:55:03,50.7,-127.42,44.6,70,40,9.17
269,Zyryanka,RU,2020-02-20 20:57:53,65.75,150.85,-21.8,89,93,9.91
270,Mahanoro,MG,2020-02-20 20:57:53,-19.9,48.8,80.31,79,100,9.42
271,Batagay,RU,2020-02-20 20:57:53,67.63,134.63,-12.91,85,100,5.21
272,Matagami,CA,2020-02-20 20:53:45,49.75,-77.63,10.4,46,75,12.75
273,Tura,IN,2020-02-20 20:54:38,25.52,90.22,63.72,44,33,2.73
274,Ibra,OM,2020-02-20 20:55:04,22.69,58.53,67.71,42,56,2.04
275,Nuuk,GL,2020-02-20 20:54:00,64.18,-51.72,8.6,78,40,8.05
276,Lamar,US,2020-02-20 20:57:54,33.67,-95.58,52.0,53,75,17.22
277,Gagra,GE,2020-02-20 20:57:54,43.33,40.22,41.0,93,100,4.47
278,Ancud,CL,2020-02-20 20:53:50,-41.87,-73.82,69.8,37,0,9.17
279,Tual,ID,2020-02-20 20:53:24,-5.67,132.75,82.04,79,99,16.49
280,Skibbereen,IE,2020-02-20 20:57:54,51.55,-9.27,37.4,86,40,10.29
281,Upernavik,GL,2020-02-20 20:53:21,72.79,-56.15,-11.58,99,100,4.09
282,Zhigansk,RU,2020-02-20 20:54:39,66.77,123.37,-7.02,94,100,22.39
283,Tema,GH,2020-02-20 20:57:54,5.67,-0.02,84.2,89,20,9.17
284,Bethel,US,2020-02-20 20:51:53,41.37,-73.41,37.0,29,75,8.05
285,Livramento,BR,2020-02-20 20:57:54,-3.03,-60.18,86.0,66,75,5.82
286,Dikson,RU,2020-02-20 20:53:32,73.51,80.55,-2.0,94,3,14.27
287,Sabana De Torres,CO,2020-02-20 20:57:55,7.39,-73.5,95.0,61,20,9.17
288,Znamenskoye,RU,2020-02-20 20:57:55,57.13,73.83,26.53,96,90,6.85
289,Geraldton,AU,2020-02-20 20:53:28,-28.77,114.6,75.2,78,99,5.82
290,Kahului,US,2020-02-20 20:51:13,20.89,-156.47,78.8,47,20,16.11
291,Tokur,RU,2020-02-20 20:57:55,53.13,132.9,-17.66,99,100,1.77
292,Urucara,BR,2020-02-20 20:57:55,-2.54,-57.76,83.95,69,100,3.58
293,Manono,CD,2020-02-20 20:57:55,-7.3,27.42,70.43,93,46,2.51
294,Rocha,UY,2020-02-20 20:50:26,-34.48,-54.33,64.71,44,73,18.03
295,Komsomolskiy,UZ,2020-02-20 20:53:22,40.43,71.72,35.6,69,0,4.7
296,Kautokeino,NO,2020-02-20 20:57:55,69.01,23.04,18.82,89,100,25.68
297,Longkou,CN,2020-02-20 20:57:56,37.65,120.33,37.99,82,100,10.13
298,Lorengau,PG,2020-02-20 20:53:34,-2.02,147.27,82.9,76,100,12.26
299,Khudumelapye,BW,2020-02-20 20:57:56,-23.88,24.75,76.62,55,99,6.08
300,Mashivka,UA,2020-02-20 20:57:56,49.44,34.87,30.7,84,100,5.48
301,Aasiaat,GL,2020-02-20 20:57:56,68.71,-52.87,-6.09,94,100,5.08
302,Pokhara,NP,2020-02-20 20:57:56,28.23,83.98,54.54,80,0,3.42
303,Saskylakh,RU,2020-02-20 20:54:37,71.92,114.08,-18.9,99,90,3.42
304,Oga,IT,2020-02-20 20:54:04,46.46,10.35,26.6,73,0,6.93
305,Leshukonskoye,RU,2020-02-20 20:57:56,64.9,45.76,8.15,88,0,2.73
306,Saint-Augustin,CA,2020-02-20 20:53:50,51.23,-58.65,-6.72,76,94,19.37
307,Boueni,YT,2020-02-20 20:57:56,-12.9,45.08,80.6,94,20,2.24
308,Mednogorsk,RU,2020-02-20 20:57:56,51.41,57.59,25.12,96,100,3.44
309,Timmins,CA,2020-02-20 20:55:31,48.47,-81.33,12.2,43,75,10.29
310,Shenavan,AM,2020-02-20 20:57:57,40.05,43.93,35.6,93,75,2.24
311,Sorong,ID,2020-02-20 20:53:33,-0.88,131.25,74.05,95,100,3.2
312,Suleja,NG,2020-02-20 20:57:57,9.18,7.18,87.8,27,0,8.05
313,Vaitape,PF,2020-02-20 20:54:43,-16.52,-151.75,82.69,78,100,18.72
314,Mbandaka,CD,2020-02-20 20:55:18,0.05,18.26,78.66,66,91,3.24
315,Tubuala,PA,2020-02-20 20:57:57,9.52,-79.03,89.01,58,40,16.11
316,Bull Savanna,JM,2020-02-20 20:53:59,17.89,-77.59,77.85,71,87,6.42
317,Saldanha,ZA,2020-02-20 20:53:30,-33.01,17.94,66.2,72,0,13.87
318,Bac Lieu,VN,2020-02-20 20:57:57,9.29,105.72,74.25,73,3,10.11
319,Carballo,ES,2020-02-20 20:57:57,43.21,-8.69,54.0,87,75,4.7
320,Kavaratti,IN,2020-02-20 20:55:04,10.57,72.64,81.25,69,0,6.89
321,Thetford Mines,CA,2020-02-20 20:57:57,46.09,-71.3,8.01,55,100,8.99
322,Sembe,CG,2020-02-20 20:57:58,1.65,14.58,80.73,44,90,2.66
323,Goksun,TR,2020-02-20 20:57:58,38.02,36.5,51.8,66,75,9.17
324,Santa Rosalia,MX,2020-02-20 20:57:58,27.32,-112.28,75.81,21,0,7.02
325,Fare,PF,2020-02-20 20:54:47,-16.7,-151.02,82.94,77,96,19.82
326,Daru,PG,2020-02-20 20:57:58,-9.08,143.21,75.06,92,100,5.46
327,Bezhanitsy,RU,2020-02-20 20:57:58,56.98,29.89,32.86,93,3,5.03
328,Lagunas,PE,2020-02-20 20:57:58,-5.23,-75.68,93.58,46,42,4.18
329,Pestovo,RU,2020-02-20 20:57:58,58.59,35.8,33.4,98,98,3.4
330,Freeport,US,2020-02-20 20:53:48,40.66,-73.58,37.0,34,1,10.29
331,Sijunjung,ID,2020-02-20 20:57:58,-0.69,100.95,70.5,96,100,2.1
332,Pismo Beach,US,2020-02-20 20:57:58,35.14,-120.64,73.0,72,1,3.36
333,Port-Gentil,GA,2020-02-20 20:53:18,-0.72,8.78,84.2,89,75,9.17
334,San Policarpo,PH,2020-02-20 20:57:59,12.18,125.51,77.94,83,91,19.55
335,Sur,OM,2020-02-20 20:54:48,22.57,59.53,70.59,46,87,12.21
336,Ostrovnoy,RU,2020-02-20 20:54:08,68.05,39.51,11.73,79,94,19.82
337,Mehamn,NO,2020-02-20 20:53:46,71.04,27.85,23.0,73,89,23.04
338,Norderstedt,DE,2020-02-20 20:57:47,53.7,10.02,45.0,87,100,18.34
339,Nizhniy Tsasuchey,RU,2020-02-20 20:57:59,50.52,115.13,7.59,82,100,8.39
340,Hay River,CA,2020-02-20 20:54:02,60.82,-115.8,37.4,44,20,16.11
341,Lensk,RU,2020-02-20 20:57:59,60.73,114.93,11.12,94,92,7.14
342,Comodoro Rivadavia,AR,2020-02-20 20:54:02,-45.87,-67.5,62.6,51,0,5.82
343,Sabla,NG,2020-02-20 20:57:59,12.75,4.71,78.17,14,0,10.33
344,Gillette,US,2020-02-20 20:58:00,44.29,-105.5,35.01,50,1,12.75
345,Chepareria,KE,2020-02-20 20:58:00,1.31,35.2,74.64,47,69,5.3
346,Mujiayingzi,CN,2020-02-20 20:54:01,42.12,118.78,23.63,68,100,7.31
347,Spearfish,US,2020-02-20 20:57:03,44.49,-103.86,42.01,29,1,5.77
348,Cacapava Do Sul,BR,2020-02-20 20:58:00,-30.51,-53.49,78.28,45,0,9.35
349,Labuhan,ID,2020-02-20 20:54:43,-6.88,112.21,73.18,95,29,3.29
350,Miguel Calmon,BR,2020-02-20 20:58:00,-11.43,-40.59,77.07,71,1,4.12
351,Batemans Bay,AU,2020-02-20 20:55:06,-35.72,150.18,64.0,74,100,1.01
352,Bathsheba,BB,2020-02-20 20:53:25,13.22,-59.52,80.6,61,40,19.46
353,Sioux Lookout,CA,2020-02-20 20:53:39,50.1,-91.92,19.4,52,75,16.11
354,Nishihara,JP,2020-02-20 20:58:00,26.18,127.76,62.6,67,20,8.05
355,Griffith,US,2020-02-20 20:53:36,41.53,-87.42,26.6,45,1,6.91
356,Klyuchi,RU,2020-02-20 20:55:10,52.27,79.17,19.15,83,100,11.21
357,Olinda,BR,2020-02-20 20:55:17,-8.01,-34.86,78.8,83,90,4.7
358,Vila Franca Do Campo,PT,2020-02-20 20:53:48,37.72,-25.43,53.6,66,40,8.05
359,Kazachinskoye,RU,2020-02-20 20:58:01,57.7,93.28,19.4,93,87,6.93
360,Severo-Kurilsk,RU,2020-02-20 20:54:40,50.68,156.12,16.77,91,99,17.2
361,Kushmurun,KZ,2020-02-20 20:58:01,52.45,64.63,13.84,93,100,8.52
362,Teruel,ES,2020-02-20 20:58:01,40.67,-0.67,48.2,56,49,6.93
363,Kieta,PG,2020-02-20 20:53:57,-6.22,155.63,81.5,72,44,4.7
364,Polysayevo,RU,2020-02-20 20:58:01,54.6,86.25,23.88,90,100,12.08
365,Kuala Terengganu,MY,2020-02-20 20:58:01,5.33,103.14,80.6,83,20,8.05
366,Araouane,ML,2020-02-20 20:53:24,18.9,-3.53,77.83,11,98,6.87
367,Iracoubo,GF,2020-02-20 20:58:02,5.48,-53.2,78.31,73,100,11.52
368,Eureka,US,2020-02-20 20:53:27,40.8,-124.16,60.01,62,1,5.82
369,Taree,AU,2020-02-20 20:58:02,-31.9,152.47,70.0,82,90,5.82
370,Beyneu,KZ,2020-02-20 20:58:02,45.32,55.2,36.37,58,100,7.74
371,Misratah,LY,2020-02-20 20:58:02,32.38,15.09,59.61,69,100,20.13
372,Viedma,AR,2020-02-20 20:58:02,-40.81,-63.0,62.47,49,12,24.76
373,Wenling,CN,2020-02-20 20:55:21,28.37,121.36,55.0,24,0,4.72
374,Iquique,CL,2020-02-20 20:51:19,-20.22,-70.14,77.0,57,22,18.34
375,Taoudenni,ML,2020-02-20 20:54:09,22.68,-3.98,76.62,11,0,12.06
376,Camapua,BR,2020-02-20 20:58:02,-19.53,-54.04,83.01,84,100,3.27
377,Rochegda,RU,2020-02-20 20:58:02,62.8,43.25,9.97,93,0,2.71
378,Port Lincoln,AU,2020-02-20 20:53:19,-34.73,135.87,61.16,67,98,11.77
379,Panaba,MX,2020-02-20 20:58:02,21.28,-88.27,82.44,66,0,10.0
380,Warrnambool,AU,2020-02-20 20:58:02,-38.38,142.48,55.99,95,2,13.91
381,Jacareacanga,BR,2020-02-20 20:53:52,-6.22,-57.75,77.0,94,90,3.36
382,Tomatlan,MX,2020-02-20 20:58:03,19.93,-105.25,91.81,32,0,9.6
383,Port Moresby,PG,2020-02-20 20:53:41,-9.44,147.18,78.8,88,40,9.17
384,Duminichi,RU,2020-02-20 20:58:03,53.93,35.11,30.92,93,0,4.61
385,Bengkulu,ID,2020-02-20 20:53:29,-3.8,102.27,72.91,90,86,4.21
386,Kununurra,AU,2020-02-20 20:54:39,-15.77,128.73,80.6,78,100,5.82
387,Hokitika,NZ,2020-02-20 20:50:52,-42.72,170.97,64.0,91,100,27.89
388,Asau,RO,2020-02-20 20:53:32,46.43,26.4,39.2,86,88,5.82
389,Pangnirtung,CA,2020-02-20 20:53:26,66.15,-65.71,-31.0,59,20,2.24
390,Worland,US,2020-02-20 20:58:03,44.02,-107.96,30.99,53,1,12.75
391,Dakoro,NE,2020-02-20 20:58:03,14.51,6.76,71.35,15,0,11.74
392,Walvis Bay,NA,2020-02-20 20:53:58,-22.96,14.51,66.2,82,100,3.36
393,Lampang,TH,2020-02-20 20:58:03,18.33,99.5,69.03,65,100,3.53
394,Ifo,NG,2020-02-20 20:58:04,6.81,3.2,86.0,79,9,3.36
395,Yaring,TH,2020-02-20 20:58:04,6.87,101.37,80.28,77,89,22.66
396,Montanha,BR,2020-02-20 20:58:04,-18.13,-40.36,78.51,79,34,11.77
397,Sambava,MG,2020-02-20 20:53:54,-14.27,50.17,72.75,98,100,1.77
398,The Valley,AI,2020-02-20 20:54:47,18.22,-63.06,82.4,61,20,14.99
399,Tahta,EG,2020-02-20 20:58:04,26.77,31.5,57.2,47,0,6.93
400,Barra Do Garcas,BR,2020-02-20 20:52:22,-15.89,-52.26,87.8,66,75,6.93
401,Beringovskiy,RU,2020-02-20 20:53:58,63.05,179.32,-16.29,88,0,7.83
402,Umm Kaddadah,SD,2020-02-20 20:54:58,13.6,26.69,67.55,22,90,13.33
403,Iraray,PH,2020-02-20 20:58:04,8.99,118.05,72.64,86,47,6.82
404,Puerto Escondido,MX,2020-02-20 20:54:02,15.85,-97.07,89.6,84,20,5.82
405,Margate,GB,2020-02-20 20:54:56,51.38,1.39,41.0,65,33,14.99
406,Dingle,PH,2020-02-20 20:53:26,11.0,122.67,71.35,93,69,13.8
407,Phuket,TH,2020-02-20 20:54:57,8.0,98.25,80.6,65,20,10.29
408,Quatre Cocos,MU,2020-02-20 20:53:48,-20.21,57.76,78.8,74,75,11.41
409,San Felipe,VE,2020-02-20 20:58:05,10.34,-68.74,80.2,66,49,10.11
410,Champerico,GT,2020-02-20 20:54:02,14.3,-91.92,93.2,44,40,16.11
411,Hudson Bay,CA,2020-02-20 20:58:05,52.85,-102.38,29.35,76,0,12.77
412,Cockburn Town,TC,2020-02-20 20:53:23,21.46,-71.14,82.4,69,40,11.41
413,Riyadh,SA,2020-02-20 20:58:05,24.69,46.72,60.8,36,100,10.29
414,Tabou,CI,2020-02-20 20:58:05,4.42,-7.35,78.19,89,40,2.21
415,Yong Peng,MY,2020-02-20 20:58:05,2.01,103.07,72.9,95,4,2.75
416,Chapais,CA,2020-02-20 20:58:05,49.78,-74.85,1.4,54,1,12.75
417,Amparafaravola,MG,2020-02-20 20:58:05,-17.58,48.22,65.79,97,100,3.13
418,Vozhega,RU,2020-02-20 20:55:01,60.47,40.22,23.32,90,67,2.91
419,Qandala,SO,2020-02-20 20:58:06,11.47,49.87,73.85,78,80,0.94
420,Ihosy,MG,2020-02-20 20:58:06,-22.4,46.12,64.02,87,82,9.1
421,Mnogovershinnyy,RU,2020-02-20 20:58:06,53.94,139.92,-3.42,94,23,6.31
422,Jaguaruna,BR,2020-02-20 20:58:06,-28.61,-49.03,77.56,69,4,5.61
423,Athens,GR,2020-02-20 20:54:13,37.98,23.72,50.0,81,90,12.75
424,Shakawe,BW,2020-02-20 20:58:06,-18.37,21.85,71.96,72,67,3.62
425,Gap,FR,2020-02-20 20:58:06,44.67,6.0,43.0,60,0,3.94
426,Bahia Honda,CU,2020-02-20 20:58:06,22.9,-83.16,83.62,61,0,5.5
427,Lugazi,UG,2020-02-20 20:58:06,0.38,32.92,73.4,94,73,2.35
428,Fairbanks,US,2020-02-20 20:50:02,64.84,-147.72,28.99,68,75,8.05
429,Les Cayes,HT,2020-02-20 20:53:38,18.2,-73.75,80.76,71,1,14.58
430,Russellville,US,2020-02-20 20:53:34,35.28,-93.13,48.2,49,75,16.11
431,Otumba,MX,2020-02-20 20:58:07,19.7,-98.75,77.0,15,5,10.29
432,Dali,CN,2020-02-20 20:58:07,25.7,100.18,39.79,73,2,2.82
433,Edd,ER,2020-02-20 20:53:57,13.93,41.69,75.69,77,100,12.19
434,Kamaishi,JP,2020-02-20 20:54:27,39.27,141.88,31.48,69,0,6.78
435,Jalu,LY,2020-02-20 20:54:06,29.03,21.55,57.02,65,68,9.37
436,Makakilo City,US,2020-02-20 20:54:36,21.35,-158.09,75.2,77,75,16.11
437,Corning,US,2020-02-20 20:54:11,42.14,-77.05,27.0,53,90,10.29
438,Skjervoy,NO,2020-02-20 20:54:53,70.03,20.97,30.2,54,100,18.34
439,Guanaja,HN,2020-02-20 20:58:07,16.4,-85.9,86.0,74,20,16.11
440,San Miguel,SV,2020-02-20 20:58:07,13.48,-88.18,93.2,55,0,11.41
441,Poplar Bluff,US,2020-02-20 20:58:04,36.76,-90.39,44.6,52,1,11.43
442,Yamada,JP,2020-02-20 20:55:25,39.47,141.95,31.48,69,0,6.78
443,Khani,GE,2020-02-20 20:58:08,41.96,42.96,39.2,93,75,3.36
444,Rio Grande,BR,2020-02-20 20:55:09,-32.03,-52.1,80.6,42,40,16.11
445,Cacoal,BR,2020-02-20 20:58:08,-11.44,-61.45,77.9,92,98,3.09
446,Nichinan,JP,2020-02-20 20:54:02,31.6,131.37,56.32,65,0,15.68
447,Kushchevskaya,RU,2020-02-20 20:58:08,46.56,39.64,38.89,91,100,12.24
448,Fayaoue,NC,2020-02-20 20:58:08,-20.65,166.53,80.19,78,0,13.58
449,Myitkyina,MM,2020-02-20 20:58:08,25.38,97.4,59.88,64,100,4.34
450,Thaton,MM,2020-02-20 20:58:08,16.92,97.37,69.28,53,100,1.41
451,Kardla,EE,2020-02-20 20:58:08,59.0,22.75,37.99,82,100,10.0
452,Rockport,US,2020-02-20 20:53:53,28.02,-97.05,51.8,93,90,13.87
453,Mayumba,GA,2020-02-20 20:54:55,-3.43,10.66,83.37,76,47,10.09
454,Gamba,GA,2020-02-20 20:53:48,-2.65,10.0,79.93,82,78,5.32
455,Sorland,NO,2020-02-20 20:53:51,67.67,12.69,33.8,86,75,10.29
456,Cayenne,GF,2020-02-20 20:53:35,4.93,-52.33,82.4,65,75,9.17
457,Letham,GB,2020-02-20 20:58:09,56.62,-2.77,37.0,93,40,17.22
458,Yerbogachen,RU,2020-02-20 20:53:45,61.28,108.01,9.37,95,100,5.75
459,Avera,US,2020-02-20 20:53:34,33.19,-82.53,42.8,100,90,12.75
460,Severobaykalsk,RU,2020-02-20 20:58:09,55.65,109.32,6.75,94,100,3.91
461,Bintulu,MY,2020-02-20 20:58:09,3.17,113.03,77.0,94,75,0.72
462,Copiapo,CL,2020-02-20 20:58:09,-27.37,-70.33,73.4,53,75,9.17
463,Passo De Camaragibe,BR,2020-02-20 20:58:09,-9.24,-35.49,75.2,94,75,6.93
464,Ilo,PE,2020-02-20 20:54:05,-17.64,-71.34,80.6,69,40,6.93
465,Sao Jose Da Coroa Grande,BR,2020-02-20 20:58:09,-8.9,-35.15,80.33,85,100,21.85
466,Kerouane,GN,2020-02-20 20:58:09,9.27,-9.02,85.44,25,93,2.15
467,Uyuni,BO,2020-02-20 20:58:09,-20.46,-66.83,53.94,61,100,20.58
468,Erenhot,CN,2020-02-20 20:54:34,43.65,111.98,14.49,75,100,11.9
469,Sussex,US,2020-02-20 20:55:54,41.18,-74.67,37.0,37,75,10.29
470,Goderich,CA,2020-02-20 20:53:50,43.75,-81.72,26.01,31,97,1.99
471,Pakxan,LA,2020-02-20 20:58:10,18.38,103.66,62.64,78,72,4.5
472,Doha,QA,2020-02-20 20:51:42,25.29,51.53,69.8,56,85,13.87
473,Susangerd,IR,2020-02-20 20:58:10,31.56,48.18,59.0,87,0,4.7
474,Hegang,CN,2020-02-20 20:58:10,47.4,130.37,2.73,89,67,1.86
475,Roebourne,AU,2020-02-20 20:54:02,-20.78,117.13,85.01,62,13,6.4
476,Gdynia,PL,2020-02-20 20:58:10,54.52,18.53,41.0,74,20,16.11
477,Batagay-Alyta,RU,2020-02-20 20:53:29,67.8,130.41,-1.23,84,100,5.75
478,Payakumbuh,ID,2020-02-20 20:58:10,-0.22,100.63,67.28,98,77,3.0
479,Marsh Harbour,BS,2020-02-20 20:53:36,26.54,-77.06,75.87,77,0,14.29
480,Vostok,RU,2020-02-20 20:53:56,46.49,135.88,1.38,97,100,4.32
481,Kayerkan,RU,2020-02-20 20:58:11,69.35,87.76,14.0,92,75,6.71
482,Hammerfest,NO,2020-02-20 20:54:44,70.66,23.68,30.2,67,100,23.04
483,Huntsville,US,2020-02-20 20:58:11,34.73,-86.59,39.0,93,90,13.87
484,Phan Thiet,VN,2020-02-20 20:58:11,10.93,108.1,65.88,78,0,4.81
485,Neiafu,TO,2020-02-20 20:53:46,-18.65,-173.98,78.8,83,40,5.82
486,Slobozia,MD,2020-02-20 20:58:11,46.73,29.71,42.8,70,22,10.29
487,Dinajpur,BD,2020-02-20 20:58:11,25.63,88.64,66.54,40,62,4.61
488,Marawi,PH,2020-02-20 20:53:41,8.0,124.29,69.01,84,0,5.99
489,Skagen,DK,2020-02-20 20:58:11,57.72,10.58,44.01,97,100,17.0
490,Rio Bananal,BR,2020-02-20 20:58:11,-19.27,-40.33,78.96,82,31,6.02
491,Lahij,YE,2020-02-20 20:58:11,13.17,44.58,73.4,73,48,2.13
492,Yar-Sale,RU,2020-02-20 20:55:19,66.83,70.83,20.93,96,100,8.41
493,College,US,2020-02-20 20:54:43,64.86,-147.8,28.99,68,75,8.05
494,Xuddur,SO,2020-02-20 20:58:12,4.12,43.89,77.02,69,95,13.58
495,Pandan,PH,2020-02-20 20:58:12,14.05,124.17,78.01,78,43,27.74
496,Flin Flon,CA,2020-02-20 20:53:36,54.77,-101.86,32.0,83,20,12.75
497,Port Keats,AU,2020-02-20 20:55:14,-14.25,129.55,80.78,83,50,2.64
498,Miraflores,MX,2020-02-20 20:58:12,19.22,-98.81,86.0,15,5,10.29
499,Shumskiy,RU,2020-02-20 20:58:12,54.83,99.13,13.69,82,100,3.96
500,Christchurch,NZ,2020-02-20 20:48:54,-43.53,172.63,73.4,46,100,12.75
501,Jalingo,NG,2020-02-20 20:58:12,8.88,11.37,81.36,16,8,5.99
502,Iskateley,RU,2020-02-20 20:54:08,67.68,53.15,9.52,91,0,10.54
503,Skelleftea,SE,2020-02-20 20:58:12,64.75,20.95,32.0,88,90,18.34
504,Henties Bay,NA,2020-02-20 20:58:13,-22.12,14.28,66.0,91,78,5.86
505,Murmino,RU,2020-02-20 20:58:13,54.6,40.05,34.0,96,91,1.99
506,Athabasca,CA,2020-02-20 20:53:35,54.72,-113.29,33.55,86,43,10.0
507,Buraydah,SA,2020-02-20 20:54:04,26.33,43.98,57.2,58,0,6.93
508,Flinders,AU,2020-02-20 20:53:27,-34.58,150.86,69.01,88,75,3.36
509,La Grande,US,2020-02-20 20:58:13,45.32,-118.09,52.0,32,1,23.04
510,Yankton,US,2020-02-20 20:58:13,42.87,-97.4,28.99,62,1,11.41
511,Chumikan,RU,2020-02-20 20:58:13,54.72,135.31,-1.32,82,0,7.78
512,Sinnamary,GF,2020-02-20 20:53:29,5.38,-52.95,78.31,73,100,11.52
513,Yakima,US,2020-02-20 20:58:13,46.47,-120.67,46.0,48,1,3.6
514,Cabo San Lucas,MX,2020-02-20 20:52:23,22.89,-109.91,86.0,44,5,9.17
515,Santa Cruz Cabralia,BR,2020-02-20 20:58:14,-16.28,-39.02,80.6,78,40,12.75
516,Ciudad Bolivar,VE,2020-02-20 20:58:14,8.12,-63.55,90.59,40,100,9.89
517,Mantua,IT,2020-02-20 20:58:14,45.17,10.78,46.99,60,29,4.7
518,Belmonte,BR,2020-02-20 20:58:14,-15.86,-38.88,86.0,78,40,12.75
519,Sibu,MY,2020-02-20 20:53:28,2.3,111.82,77.0,94,75,2.24
520,Zaragoza,ES,2020-02-20 20:52:32,41.66,-0.88,52.0,66,44,1.12
521,Cavalcante,BR,2020-02-20 20:58:14,-13.8,-47.46,71.11,83,100,5.12
522,Garden City,US,2020-02-20 20:58:14,42.33,-83.33,27.0,38,1,9.44
523,Kushima,JP,2020-02-20 20:58:14,31.46,131.23,41.05,87,0,3.02
524,Mount Gambier,AU,2020-02-20 20:53:15,-37.83,140.77,55.4,93,90,5.82
525,Deputatskiy,RU,2020-02-20 20:55:04,69.3,139.9,-5.26,93,100,3.02
526,Ambilobe,MG,2020-02-20 20:53:33,-13.2,49.05,75.25,95,100,11.18
527,Tripoli,LY,2020-02-20 20:56:14,32.88,13.19,59.67,67,100,12.68
528,Padang,ID,2020-02-20 20:53:54,-0.95,100.35,69.78,84,80,6.24
529,Maragogi,BR,2020-02-20 20:50:44,-9.01,-35.22,80.33,85,100,21.85
530,Namatanai,PG,2020-02-20 20:53:44,-3.67,152.43,82.36,77,45,14.7
531,Zheleznogorsk,RU,2020-02-20 20:58:15,52.33,35.37,31.39,92,97,6.49
532,Soyo,AO,2020-02-20 20:58:15,-6.13,12.37,80.92,80,56,7.43
533,Oltu,TR,2020-02-20 20:58:15,40.55,42.0,24.93,89,100,3.78
534,Gwanda,ZW,2020-02-20 20:58:15,-20.93,29.0,73.02,60,13,5.68
535,Cottonwood,US,2020-02-20 20:58:15,34.74,-112.01,71.01,18,1,4.7
536,Karpathos,GR,2020-02-20 20:58:15,35.51,27.21,57.2,82,73,16.11
537,Palanga,LT,2020-02-20 20:58:15,55.92,21.07,41.0,80,90,14.99
538,Waipawa,NZ,2020-02-20 20:58:15,-41.41,175.52,66.0,93,100,20.8
539,Adjud,RO,2020-02-20 20:58:15,46.1,27.17,39.2,80,100,5.82
540,Nipawin,CA,2020-02-20 20:58:16,53.37,-104.0,24.8,62,1,17.22
541,Muisne,EC,2020-02-20 20:58:16,0.6,-80.03,77.0,100,90,5.82
542,Aklavik,CA,2020-02-20 20:53:52,68.22,-135.01,1.4,77,40,3.24
543,Genhe,CN,2020-02-20 20:58:16,50.78,121.52,1.47,88,100,3.13
544,Tutoia,BR,2020-02-20 20:58:16,-2.76,-42.27,86.0,74,40,6.93
545,Hithadhoo,MV,2020-02-20 20:53:32,-0.6,73.08,83.55,76,0,12.48
546,Poronaysk,RU,2020-02-20 20:58:16,49.22,143.12,5.99,85,31,4.74
547,Bose,IT,2020-02-20 20:58:16,45.46,8.01,46.0,45,1,3.36
548,Mana,GF,2020-02-20 20:58:16,5.66,-53.78,79.11,66,67,5.28
549,Tommot,RU,2020-02-20 20:58:16,58.96,126.29,-11.0,86,87,2.39
550,Pakisaji,ID,2020-02-20 20:58:16,-8.07,112.6,66.69,82,100,2.3
551,Gat,IL,2020-02-20 20:53:33,31.61,34.76,55.4,87,0,4.7
552,Lulea,SE,2020-02-20 20:58:17,65.58,22.15,30.2,86,90,21.92
553,Espanola,US,2020-02-20 20:50:14,35.99,-106.08,39.99,64,40,6.93
554,Mogadishu,SO,2020-02-20 20:58:17,2.04,45.34,81.48,85,94,18.12
555,Katiola,CI,2020-02-20 20:58:17,8.13,-5.1,89.6,46,38,2.24
556,Saint-Francois,FR,2020-02-20 20:53:54,46.42,3.91,46.4,81,90,3.36
557,Touros,BR,2020-02-20 20:53:55,-5.2,-35.46,77.0,94,75,3.36
558,Ushibuka,JP,2020-02-20 20:58:17,32.19,130.02,53.6,75,0,10.56
559,Lavrentiya,RU,2020-02-20 20:54:05,65.58,-171.0,-14.51,88,0,8.5
560,Kosh,AM,2020-02-20 20:58:17,40.3,44.16,35.6,93,75,2.24
561,Nioro,GM,2020-02-20 20:54:08,13.35,-15.75,88.03,8,58,6.89
562,Bardiyah,LY,2020-02-20 20:54:53,31.76,25.09,59.25,75,97,15.95
563,Bozoum,CF,2020-02-20 20:58:17,6.32,16.38,75.36,27,71,3.0
564,Toledo,ES,2020-02-20 20:58:17,39.83,-4.0,54.0,66,0,6.55
565,Imbituba,BR,2020-02-20 20:51:58,-28.24,-48.67,80.6,94,75,13.87
566,Coquimbo,CL,2020-02-20 20:53:30,-29.95,-71.34,66.2,72,75,10.29
567,Baruun-Urt,MN,2020-02-20 20:53:24,46.68,113.28,2.88,96,100,8.34
568,Cairns,AU,2020-02-20 20:57:09,-16.92,145.77,80.6,83,40,5.82
